{"cameraMode":{"drawMode":0,"name":"Shaded","section":"Shading Mode"},"sceneLighting":false,"audioPlay":false,"sceneViewState":{"showFog":true,"showMaterialUpdate":true,"showSkybox":false,"showFlares":true,"showImageEffects":true,"showParticleSystems":true},"in2DMode":false,"pivot":{"x":0.8600833415985107,"y":0.43231919407844546,"z":-0.2414722591638565},"rotation":{"x":0.003044087439775467,"y":-0.6654494404792786,"z":0.002439269796013832,"w":0.7465057373046875},"size":5.6660261154174809,"orthographic":false}