{"cameraMode":{"drawMode":0,"name":"Shaded","section":"Shading Mode"},"sceneLighting":false,"audioPlay":false,"sceneViewState":{"showFog":true,"showMaterialUpdate":true,"showSkybox":false,"showFlares":true,"showImageEffects":true,"showParticleSystems":true},"in2DMode":false,"pivot":{"x":0.8500000238418579,"y":0.07500000298023224,"z":0.57830810546875},"rotation":{"x":0.44789355993270876,"y":0.006157595664262772,"z":-0.0032213330268859865,"w":0.8941163420677185},"size":0.12990379333496095,"orthographic":false}