{"cameraMode":{"drawMode":0,"name":"Shaded","section":"Shading Mode"},"sceneLighting":false,"audioPlay":false,"sceneViewState":{"showFog":true,"showMaterialUpdate":false,"showSkybox":true,"showFlares":true,"showImageEffects":true,"showParticleSystems":true},"in2DMode":false,"pivot":{"x":856.3099365234375,"y":-4.212643146514893,"z":1040.8818359375},"rotation":{"x":0.33883339166641238,"y":0.6234738826751709,"z":-0.34339064359664919,"w":0.6153160929679871},"size":6.912398338317871,"orthographic":false}