{"cameraMode":{"drawMode":0,"name":"Shaded","section":"Shading Mode"},"sceneLighting":true,"audioPlay":false,"sceneViewState":{"showFog":true,"showMaterialUpdate":true,"showSkybox":true,"showFlares":true,"showImageEffects":true,"showParticleSystems":true},"in2DMode":false,"pivot":{"x":363.37725830078127,"y":54.55293273925781,"z":-30.832603454589845},"rotation":{"x":-0.7909247279167175,"y":0.03053867816925049,"z":-0.039184048771858218,"w":-0.6100229620933533},"size":70.71067810058594,"orthographic":false}