{"cameraMode":{"drawMode":0,"name":"Shaded","section":"Shading Mode"},"sceneLighting":true,"audioPlay":false,"sceneViewState":{"showFog":true,"showMaterialUpdate":true,"showSkybox":true,"showFlares":true,"showImageEffects":true,"showParticleSystems":true},"in2DMode":false,"pivot":{"x":414.60626220703127,"y":-4.5,"z":359.1752624511719},"rotation":{"x":0.44789355993270876,"y":0.006157595664262772,"z":-0.0032213330268859865,"w":0.8941163420677185},"size":0.8660253882408142,"orthographic":false}