{"cameraMode":{"drawMode":0,"name":"Shaded","section":"Shading Mode"},"sceneLighting":true,"audioPlay":false,"sceneViewState":{"showFog":true,"showMaterialUpdate":true,"showSkybox":true,"showFlares":true,"showImageEffects":true,"showParticleSystems":true},"in2DMode":false,"pivot":{"x":71.60711669921875,"y":44.87547302246094,"z":-34.75766372680664},"rotation":{"x":0.40418046712875368,"y":-0.03618756681680679,"z":0.015837352722883226,"w":0.9138912558555603},"size":0.8660253882408142,"orthographic":false}