{"cameraMode":{"drawMode":0,"name":"Shaded","section":"Shading Mode"},"sceneLighting":true,"audioPlay":false,"sceneViewState":{"showFog":true,"showMaterialUpdate":true,"showSkybox":true,"showFlares":true,"showImageEffects":true,"showParticleSystems":true},"in2DMode":false,"pivot":{"x":90.572021484375,"y":102.44195556640625,"z":37.58427047729492},"rotation":{"x":0.4783865213394165,"y":0.15716908872127534,"z":-0.0877637192606926,"w":0.8595736622810364},"size":16.10776710510254,"orthographic":false}