{"cameraMode":{"drawMode":0,"name":"Shaded","section":"Shading Mode"},"sceneLighting":false,"audioPlay":false,"sceneViewState":{"showFog":true,"showMaterialUpdate":true,"showSkybox":false,"showFlares":true,"showImageEffects":true,"showParticleSystems":true},"in2DMode":false,"pivot":{"x":0.8500000238418579,"y":0.07500000298023224,"z":0.57830810546875},"rotation":{"x":0.08910837024450302,"y":-0.6887513399124146,"z":0.08563326299190521,"w":0.71446293592453},"size":0.12990379333496095,"orthographic":false}