{"cameraMode":{"drawMode":0,"name":"Shaded","section":"Shading Mode"},"sceneLighting":false,"audioPlay":false,"sceneViewState":{"showFog":true,"showMaterialUpdate":true,"showSkybox":false,"showFlares":true,"showImageEffects":true,"showParticleSystems":true},"in2DMode":false,"pivot":{"x":0.6218891143798828,"y":0.8751845359802246,"z":0.7560000419616699},"rotation":{"x":0.1343279480934143,"y":-0.610361635684967,"z":0.10590974241495133,"w":0.7734793424606323},"size":0.4330126941204071,"orthographic":false}