{"cameraMode":{"drawMode":0,"name":"Shaded","section":"Shading Mode"},"sceneLighting":false,"audioPlay":false,"sceneViewState":{"showFog":true,"showMaterialUpdate":true,"showSkybox":false,"showFlares":true,"showImageEffects":true,"showParticleSystems":true},"in2DMode":false,"pivot":{"x":1.5059592723846436,"y":0.05999992787837982,"z":0.14144572615623475},"rotation":{"x":0.40418046712875368,"y":-0.03618756681680679,"z":0.015837352722883226,"w":0.9138912558555603},"size":0.7764599919319153,"orthographic":false}