{"cameraMode":{"drawMode":0,"name":"Shaded","section":"Shading Mode"},"sceneLighting":false,"audioPlay":false,"sceneViewState":{"showFog":true,"showMaterialUpdate":true,"showSkybox":false,"showFlares":true,"showImageEffects":true,"showParticleSystems":true},"in2DMode":false,"pivot":{"x":4.825246810913086,"y":0.4711575508117676,"z":-1.335270643234253},"rotation":{"x":0.07959535717964173,"y":-0.6982656717300415,"z":0.0783221498131752,"w":0.7071523070335388},"size":1.7320507764816285,"orthographic":false}