{"cameraMode":{"drawMode":0,"name":"Shaded","section":"Shading Mode"},"sceneLighting":true,"audioPlay":false,"sceneViewState":{"showFog":true,"showMaterialUpdate":true,"showSkybox":true,"showFlares":true,"showImageEffects":true,"showParticleSystems":true},"in2DMode":false,"pivot":{"x":257.1434631347656,"y":181.49771118164063,"z":-406.97119140625},"rotation":{"x":0.04737766087055206,"y":-0.021501075476408006,"z":0.0007010305998846889,"w":0.9987106323242188},"size":0.6075242757797241,"orthographic":false}