{"cameraMode":{"drawMode":0,"name":"Shaded","section":"Shading Mode"},"sceneLighting":false,"audioPlay":false,"sceneViewState":{"showFog":false,"showMaterialUpdate":false,"showSkybox":false,"showFlares":false,"showImageEffects":false,"showParticleSystems":false},"in2DMode":false,"pivot":{"x":2.999749183654785,"y":-33.15639114379883,"z":13.967452049255371},"rotation":{"x":0.6137816905975342,"y":-0.00708027882501483,"z":0.005554014351218939,"w":0.7893860936164856},"size":34.38179397583008,"orthographic":false}