{"cameraMode":{"drawMode":0,"name":"Shaded","section":"Shading Mode"},"sceneLighting":false,"audioPlay":false,"sceneViewState":{"showFog":true,"showMaterialUpdate":false,"showSkybox":false,"showFlares":true,"showImageEffects":true,"showParticleSystems":true},"in2DMode":false,"pivot":{"x":2.5902156829833986,"y":8.650493621826172,"z":-9.34311580657959},"rotation":{"x":0.27894413471221926,"y":-0.03600117191672325,"z":0.010465648956596852,"w":0.9595749974250794},"size":0.44598767161369326,"orthographic":false}