{"cameraMode":{"drawMode":0,"name":"Shaded","section":"Shading Mode"},"sceneLighting":false,"audioPlay":false,"sceneViewState":{"showFog":true,"showMaterialUpdate":false,"showSkybox":false,"showFlares":true,"showImageEffects":true,"showParticleSystems":true},"in2DMode":false,"pivot":{"x":-25.895334243774415,"y":12.404637336730957,"z":-0.5654367208480835},"rotation":{"x":-0.10257299989461899,"y":-0.6768366098403931,"z":0.09606672078371048,"w":-0.7226061820983887},"size":0.9055383205413818,"orthographic":false}