{"cameraMode":{"drawMode":0,"name":"Shaded","section":"Shading Mode"},"sceneLighting":false,"audioPlay":false,"sceneViewState":{"showFog":true,"showMaterialUpdate":false,"showSkybox":false,"showFlares":true,"showImageEffects":true,"showParticleSystems":true},"in2DMode":false,"pivot":{"x":218.42874145507813,"y":-6.51385498046875,"z":-13.1673583984375},"rotation":{"x":-0.022264132276177408,"y":0.890576183795929,"z":-0.45216891169548037,"w":-0.043851349502801898},"size":486.02935791015627,"orthographic":false}