{"cameraMode":{"drawMode":0,"name":"Shaded","section":"Shading Mode"},"sceneLighting":false,"audioPlay":false,"sceneViewState":{"showFog":true,"showMaterialUpdate":false,"showSkybox":false,"showFlares":true,"showImageEffects":true,"showParticleSystems":true},"in2DMode":false,"pivot":{"x":41.665916442871097,"y":28.815279006958009,"z":41.127933502197269},"rotation":{"x":-0.05706174299120903,"y":0.9419668912887573,"z":-0.254935085773468,"w":-0.21083922684192658},"size":10.0,"orthographic":false}