{"cameraMode":{"drawMode":0,"name":"Shaded","section":"Shading Mode"},"sceneLighting":false,"audioPlay":false,"sceneViewState":{"showFog":true,"showMaterialUpdate":false,"showSkybox":false,"showFlares":true,"showImageEffects":true,"showParticleSystems":true},"in2DMode":false,"pivot":{"x":0.2549065947532654,"y":-0.028487205505371095,"z":-2.230480194091797},"rotation":{"x":-0.5929780006408691,"y":0.010142765007913113,"z":-0.0074706850573420528,"w":-0.8051214218139648},"size":6.912398338317871,"orthographic":false}